{"arbi-score":{"okcoin":0,"btcchina":343651.2138000008,"bitfinex":778.7865999999984,"bitstamp":885.0498999999948},"ticker":{"okcoin":4034.07,"btcchina":4034.0,"bitfinex":610.86,"bitstamp":607.03}}